{
  "configVersion": 1,
  "timestamp": 1581594865639,
  "index": "/index.html",
  "assetGroups": [
    {
      "name": "app",
      "installMode": "prefetch",
      "updateMode": "prefetch",
      "urls": [
        "/1-es2015.4c40c7a7d6bf5fc44523.js",
        "/1-es5.4c40c7a7d6bf5fc44523.js",
        "/6-es2015.33cf99b8fb5b34576160.js",
        "/6-es5.33cf99b8fb5b34576160.js",
        "/7-es2015.cf2ea0f3f9c5160169e5.js",
        "/7-es5.cf2ea0f3f9c5160169e5.js",
        "/favicon.ico",
        "/index.html",
        "/main-es2015.9b916b6455273fb27b16.js",
        "/main-es5.9b916b6455273fb27b16.js",
        "/manifest.webmanifest",
        "/polyfills-es2015.79b5019f4dff069483c4.js",
        "/polyfills-es5.7d7d156430c9cd92193e.js",
        "/runtime-es2015.27bd7ad6d3915b7fcd05.js",
        "/runtime-es5.27bd7ad6d3915b7fcd05.js",
        "/styles.2e4a1bd2358774127c12.css"
      ],
      "patterns": []
    },
    {
      "name": "assets",
      "installMode": "lazy",
      "updateMode": "prefetch",
      "urls": [
        "/assets/icons/icon-128x128.png",
        "/assets/icons/icon-144x144.png",
        "/assets/icons/icon-152x152.png",
        "/assets/icons/icon-192x192.png",
        "/assets/icons/icon-384x384.png",
        "/assets/icons/icon-512x512.png",
        "/assets/icons/icon-72x72.png",
        "/assets/icons/icon-96x96.png",
        "/assets/images/dashboard/cog.svg",
        "/assets/images/dashboard/correct.png",
        "/assets/images/dashboard/correct.svg",
        "/assets/images/dashboard/dashboard-img.svg",
        "/assets/images/dashboard/icon.svg",
        "/assets/images/dashboard/messages/success.svg",
        "/assets/images/dashboard/off.svg",
        "/assets/images/dashboard/order/suppliers-active.png",
        "/assets/images/dashboard/order/suppliers-active.svg",
        "/assets/images/dashboard/order/suppliers-inactive.svg",
        "/assets/images/dashboard/settings/Ellipse 20.svg",
        "/assets/images/dashboard/settings/customer.svg",
        "/assets/images/dashboard/settings/image.png",
        "/assets/images/dashboard/settings/image.svg",
        "/assets/images/dashboard/settings/industry.svg",
        "/assets/images/dashboard/settings/supplier.svg",
        "/assets/images/dashboard/successfully.svg",
        "/assets/images/dashboard/trolly.png",
        "/assets/images/dashboard/trolly.svg",
        "/assets/images/home/backround.svg",
        "/assets/images/home/com-1.svg",
        "/assets/images/home/com-2.svg",
        "/assets/images/home/com-3.svg",
        "/assets/images/home/icon.png",
        "/assets/images/home/icon.svg",
        "/assets/images/home/mobile-bg.svg",
        "/assets/images/home/sign-in-bg.svg",
        "/assets/images/home/sign-up-bg.svg",
        "/assets/images/home/trucks.svg",
        "/assets/styles/components/dashboard/_cards.scss",
        "/assets/styles/components/dashboard/_dashboard.scss",
        "/assets/styles/components/home/_home-nav.scss",
        "/assets/styles/components/home/_home.scss",
        "/assets/styles/general/_colors.scss",
        "/assets/styles/general/_form.scss",
        "/assets/styles/general/_general.scss",
        "/assets/styles/general/_grid.scss",
        "/backround.d050ab3f98a1c7f6040c.svg",
        "/mobile-bg.acbcc63d8e4facb4969a.svg",
        "/sign-in-bg.0ef783b1670545e9832f.svg",
        "/sign-up-bg.c10bdae2ac69901689ae.svg"
      ],
      "patterns": []
    }
  ],
  "dataGroups": [],
  "hashTable": {
    "/1-es2015.4c40c7a7d6bf5fc44523.js": "2cc4e423c992a59d23207d82eaf2fc0c17e8f37f",
    "/1-es5.4c40c7a7d6bf5fc44523.js": "2cc4e423c992a59d23207d82eaf2fc0c17e8f37f",
    "/6-es2015.33cf99b8fb5b34576160.js": "79f1f29a5d731954e52ba70609e4c070ab9dfd1c",
    "/6-es5.33cf99b8fb5b34576160.js": "3a1edde4706262c74e2cc7d03431c2c41c5cb406",
    "/7-es2015.cf2ea0f3f9c5160169e5.js": "711a4478df709579c7b573f56832c6e1df1cd948",
    "/7-es5.cf2ea0f3f9c5160169e5.js": "5eb8ab258fa5d1cb880f3c4263b61378fd4c8fe8",
    "/assets/icons/icon-128x128.png": "49d8a08bef9d64947dba6cbfb0304d931461e58b",
    "/assets/icons/icon-144x144.png": "5103d551707015354118dff269bf55b10c41d84c",
    "/assets/icons/icon-152x152.png": "040d7d71b9bf62d8e363e891515513ffee9ec125",
    "/assets/icons/icon-192x192.png": "5177f72ff0d13f68d5fd540d5375e3af4ab65fe7",
    "/assets/icons/icon-384x384.png": "8e3e9ea71efab62e20e65d461a194b50ca49cbc3",
    "/assets/icons/icon-512x512.png": "2a026d195b8fd207acad906c78eceeaa8d2e007b",
    "/assets/icons/icon-72x72.png": "24b149eb9c0f2f33110b5f95ee49f5ecb93038f3",
    "/assets/icons/icon-96x96.png": "0118ea7fe597df69be8498fd765f296aad071eb2",
    "/assets/images/dashboard/cog.svg": "736ef550eb31fba25456a2d24a3b418e0463b097",
    "/assets/images/dashboard/correct.png": "8bb4eef76a1a180704756137d25d58773d7173bc",
    "/assets/images/dashboard/correct.svg": "2e71c28581cd04709d36c50039f4978466952cde",
    "/assets/images/dashboard/dashboard-img.svg": "2248c935368fc46c1f9850e03bac9a857a6fbe22",
    "/assets/images/dashboard/icon.svg": "5d02140d83f764e16db5ece62ac8863e7f6a6daa",
    "/assets/images/dashboard/messages/success.svg": "1aa223856757f3a7cc29a7d277f57cd8691ef2d5",
    "/assets/images/dashboard/off.svg": "61c6e4939ade449e79ffba76901296a035949f91",
    "/assets/images/dashboard/order/suppliers-active.png": "11d6a820f2d7b78c4afabda86b337c4991bd75ca",
    "/assets/images/dashboard/order/suppliers-active.svg": "1a6fb42eac427027bc8aa51cac40d2b29c2852bd",
    "/assets/images/dashboard/order/suppliers-inactive.svg": "a45a6d9b23f3846f87abf488508d181c6509e053",
    "/assets/images/dashboard/settings/Ellipse 20.svg": "26bc190fea28289414817a6d2e166322c17d5521",
    "/assets/images/dashboard/settings/customer.svg": "55f9a00007f85ee0059fd54080410a0477b22a29",
    "/assets/images/dashboard/settings/image.png": "510e11c2ed4351f3c772223541b40f0a7ec462c1",
    "/assets/images/dashboard/settings/image.svg": "f7234c80fe1cd10893f6ceee8d0a1fcd52822de0",
    "/assets/images/dashboard/settings/industry.svg": "f1e163e3720819427358844665eb5ffde47aa34d",
    "/assets/images/dashboard/settings/supplier.svg": "5c8d47ed68c51bee2b452bc3051ebd70ab81eb60",
    "/assets/images/dashboard/successfully.svg": "c851cc63f1265f619ed99a95ff460b5f4fd5f37f",
    "/assets/images/dashboard/trolly.png": "cd992683f466e51714e1b979cfe64e34a28771ee",
    "/assets/images/dashboard/trolly.svg": "a6bf0540cb26bddf6669567b54c2676daf0ccf18",
    "/assets/images/home/backround.svg": "6c4cdf324eb9b4e4b1139224322167d035c50d69",
    "/assets/images/home/com-1.svg": "be4b418f06fb1168be3b7205c3f2fe9e43375f39",
    "/assets/images/home/com-2.svg": "8f682f4221e4b3315169c89dbe864a31cf077ff3",
    "/assets/images/home/com-3.svg": "848f6a78580acf2692d74b443940d8ef99023a25",
    "/assets/images/home/icon.png": "5e763e83da0b617803e185bdf62433ea935af87b",
    "/assets/images/home/icon.svg": "e612642070f7fbde4d7c7e2826f431baf356f762",
    "/assets/images/home/mobile-bg.svg": "b21e99d5be2aebd937b3cd553d54e9fbe8493331",
    "/assets/images/home/sign-in-bg.svg": "6ac20b27f238253381f57e4aa5152ecaa49a0367",
    "/assets/images/home/sign-up-bg.svg": "a9fddd3bd96400f95a268c10d93d806c7d306d64",
    "/assets/images/home/trucks.svg": "636349cbd9bbd4018363f45567099db5855f00b3",
    "/assets/styles/components/dashboard/_cards.scss": "8ecdac9027aba2bfc3fe3c353ba97dabb8071f30",
    "/assets/styles/components/dashboard/_dashboard.scss": "efcb12632ef40e64e3cff7a40f2e494ef6707268",
    "/assets/styles/components/home/_home-nav.scss": "f2193bb029c4e7a66035bd28a1a876101ededc19",
    "/assets/styles/components/home/_home.scss": "0a048339e7ee8ad4cdc452f53abde17665f32463",
    "/assets/styles/general/_colors.scss": "ea065a861e7eb91ba20d7c18c0ccce079dc6af0b",
    "/assets/styles/general/_form.scss": "da39a3ee5e6b4b0d3255bfef95601890afd80709",
    "/assets/styles/general/_general.scss": "8c8f69e99c187afa6f125625ff2c2d8909033a43",
    "/assets/styles/general/_grid.scss": "99d7ef10c307549930a40179dd3986dc449e9351",
    "/backround.d050ab3f98a1c7f6040c.svg": "6c4cdf324eb9b4e4b1139224322167d035c50d69",
    "/favicon.ico": "22f6a4a3bcaafafb0254e0f2fa4ceb89e505e8b2",
    "/index.html": "2e630c5dcda335505a898788e167445a25b6587e",
    "/main-es2015.9b916b6455273fb27b16.js": "98d73c58f4e42e27c00129b5fefcd93fda537a99",
    "/main-es5.9b916b6455273fb27b16.js": "0533d47a79214e32dc19a01a3451128cc790b476",
    "/manifest.webmanifest": "455a11be959d9d4fb2dc05c9354383b510c0d479",
    "/mobile-bg.acbcc63d8e4facb4969a.svg": "b21e99d5be2aebd937b3cd553d54e9fbe8493331",
    "/polyfills-es2015.79b5019f4dff069483c4.js": "4475b4672a9d4d6d52c5f786ab4d627e9cabb16f",
    "/polyfills-es5.7d7d156430c9cd92193e.js": "af8edfd635f5e6adb7d8d84fca1423fc2b98db7a",
    "/runtime-es2015.27bd7ad6d3915b7fcd05.js": "a5355931082f6debc1e28b2a599a6cfb9e7d0de8",
    "/runtime-es5.27bd7ad6d3915b7fcd05.js": "744ed448043f53fb1e01d943f073b133ba851454",
    "/sign-in-bg.0ef783b1670545e9832f.svg": "6ac20b27f238253381f57e4aa5152ecaa49a0367",
    "/sign-up-bg.c10bdae2ac69901689ae.svg": "a9fddd3bd96400f95a268c10d93d806c7d306d64",
    "/styles.2e4a1bd2358774127c12.css": "1c8daf4cec8789c4c643baa372c589cf9d6047d8"
  },
  "navigationUrls": [
    {
      "positive": true,
      "regex": "^\\/.*$"
    },
    {
      "positive": false,
      "regex": "^\\/(?:.+\\/)?[^/]*\\.[^/]*$"
    },
    {
      "positive": false,
      "regex": "^\\/(?:.+\\/)?[^/]*__[^/]*$"
    },
    {
      "positive": false,
      "regex": "^\\/(?:.+\\/)?[^/]*__[^/]*\\/.*$"
    }
  ]
}